index,income >$50K/yr
9646,0
709,0
7385,1
16671,0
21932,0
31503,0
3308,0
4208,0
21078,0
27354,0
10984,0
31192,0
4077,0
26787,0
25154,0
4131,1
9418,1
31858,0
21145,0
6294,0
28928,1
13643,0
32491,0
195,0
10944,0
12399,0
23777,0
15605,0
22493,0
187,0
30751,0
18581,0
3501,0
9976,0
12018,1
29225,0
21348,0
14376,0
15211,0
20588,0
19849,0
19470,0
14921,0
6282,0
21956,0
19600,0
5691,0
17767,0
24042,0
14889,0
30414,1
29444,0
18949,0
20008,1
30159,0
24066,0
27674,0
21214,0
4106,0
15117,1
8937,0
1320,0
25471,0
20170,1
31980,0
18444,0
26468,1
28054,1
7562,0
30435,0
9681,0
5014,0
7285,1
13966,0
18590,0
27974,0
7240,0
11227,0
27205,0
18402,0
25092,0
20284,0
22794,0
15289,1
31167,0
15752,0
11655,0
11519,0
4158,0
24734,1
16255,0
8006,0
6508,0
2123,0
20735,1
27578,0
2544,0
2486,0
13143,0
551,0
26046,0
21731,0
757,0
17927,0
26870,0
16656,0
23567,1
13891,1
15689,1
11504,0
14388,0
12528,0
4555,1
6559,0
14162,0
11561,0
4427,0
3568,0
13347,0
31718,0
17057,0
8688,1
20426,0
27139,0
21003,0
1674,1
13485,0
7168,0
23959,0
5161,0
14034,0
4598,0
15733,0
18711,0
29790,1
8388,0
16815,0
5186,0
2135,0
28444,0
11823,0
25874,1
16948,0
19381,0
30875,0
159,0
5623,0
6475,1
31564,0
29178,0
23383,0
4046,0
15990,0
6727,1
1759,0
16819,0
9536,0
24340,0
18202,0
7379,0
1405,0
26548,0
22891,0
11277,0
31032,0
31174,0
19085,1
13869,0
11695,0
14316,0
5958,0
22353,0
28498,0
27973,0
22758,0
4182,0
4923,0
19692,0
8556,0
28035,0
27657,0
21254,0
27983,1
28899,1
21318,0
11822,0
419,0
14362,1
29274,1
7622,0
17561,0
28816,0
31501,0
9180,0
25380,0
24731,0
10093,0
10870,0
26565,0
10821,0
16871,0
10985,0
8761,0
14724,0
8543,0
6529,0
30341,0
19235,0
17038,0
26054,0
13533,1
5043,0
11750,1
28076,1
23565,0
10760,0
29299,0
4871,0
15923,1
6246,0
527,0
4522,0
10932,0
13193,0
8670,0
29014,0
6864,0
19638,0
10833,0
6934,1
4341,0
29415,1
5886,0
31460,0
6453,1
32207,0
26203,0
30171,0
16412,0
30554,0
8449,0
321,1
14834,0
22896,0
2996,0
16042,0
30206,0
4744,0
7767,1
25610,0
14689,0
11899,1
7105,0
9680,0
17087,0
14780,0
27082,1
29071,0
6779,0
15658,1
4230,0
15225,1
16340,1
6737,0
27765,0
1745,0
18700,0
29005,1
10880,0
22918,0
17063,0
3294,0
19984,0
31390,0
3399,0
29764,0
10341,0
30681,1
32209,0
21338,0
10638,0
25816,0
12497,0
1880,0
20963,0
5256,0
12709,0
30716,0
14237,1
26909,1
14176,0
25644,0
9288,0
16291,0
8783,0
30293,0
29033,0
19241,0
12542,0
3784,1
21067,0
31616,0
27758,1
20372,0
19269,0
24305,0
26659,0
8137,0
19071,0
7667,0
29886,0
29466,0
5129,1
7442,0
27782,0
23964,0
15234,0
15663,0
22018,0
13930,0
14438,1
27079,0
21281,1
21052,0
17248,1
7595,0
27213,1
8211,0
13775,0
21228,0
4649,0
8371,0
4802,0
25332,1
5860,0
30428,1
20267,0
24217,0
13621,0
2073,0
19402,0
18861,0
23522,0
11625,0
21596,0
29992,0
21242,0
23976,0
14173,1
22302,0
22888,0
13054,0
31108,0
30153,0
27952,0
4469,0
22240,0
5469,0
7533,0
17271,1
12713,0
17531,0
12127,0
20174,0
3773,0
31029,0
11310,0
31972,1
252,0
8805,0
7138,0
14462,0
30981,0
10709,0
13694,0
7994,0
9008,1
929,0
13652,0
24162,0
15595,1
11920,1
18567,0
26750,0
7629,1
15389,0
3419,0
4959,0
9590,0
8024,0
27408,0
14649,0
10395,0
18271,1
22902,0
6880,1
24268,0
8829,0
8232,0
12867,0
5343,0
10789,0
7107,0
31295,1
16326,1
27420,0
1054,0
19881,0
2144,0
12618,0
3964,1
20850,1
3391,0
27997,0
12002,0
175,0
13912,1
1303,1
612,0
11496,0
24794,0
5611,0
9503,1
8275,0
2685,0
18515,0
31613,1
4537,1
16447,0
24228,0
32499,0
20767,0
25508,0
3826,0
24433,0
1295,0
5941,0
20086,0
26370,0
28894,0
29361,0
4864,0
21918,0
9143,0
13919,0
26535,1
8747,0
7905,0
17119,0
17679,0
20616,0
18261,0
4765,0
6048,0
4850,0
3036,0
183,0
23668,1
11532,0
188,1
18847,1
4906,1
95,0
31606,0
832,0
12508,1
30996,0
5820,0
17000,1
9584,0
8632,0
8843,0
482,0
29549,0
4860,0
12627,0
18538,1
21773,0
25160,0
31446,0
11747,1
30791,0
22289,0
12540,1
12434,0
5246,0
2328,0
22209,0
32149,0
22543,1
8423,0
21186,0
17377,1
4104,0
22979,0
29267,0
32265,0
16455,0
12967,0
6789,0
26357,0
26324,0
7970,0
10654,0
6795,0
4774,0
13829,0
24681,0
24206,0
27558,0
9795,0
23018,0
25187,0
29187,0
5631,0
25338,0
25447,0
23362,0
13225,0
30780,0
30573,0
1918,0
14036,1
30586,1
24183,0
5531,0
30062,0
2164,0
24215,0
3004,0
6848,0
29243,1
18303,0
18175,0
3922,0
2741,0
25653,0
5793,0
14170,0
4691,0
6584,0
17811,0
1825,0
27272,0
8149,0
29861,0
2063,1
16892,0
2806,0
7517,1
21828,0
5185,0
18124,0
32369,0
26499,0
15724,0
25599,0
6987,0
23038,0
12668,1
17683,0
24139,1
15788,0
24337,0
17237,0
23004,1
7778,0
4528,0
4784,1
14096,1
10972,0
17508,1
16040,0
15473,0
3983,0
29402,0
16826,0
10901,0
27537,1
292,0
11351,0
14810,0
7860,1
7687,0
10405,0
11314,1
2774,0
12128,1
29828,0
8703,0
19403,0
13569,0
11017,0
10155,1
30880,0
5033,1
16362,0
29887,0
3759,0
15205,0
25045,0
13286,0
12565,0
8816,1
21406,0
12696,0
2403,1
4679,0
13559,0
2810,0
19886,0
14524,0
26287,1
12675,0
26001,0
21340,0
15236,0
30673,0
27565,0
8227,0
14821,1
11126,0
12817,1
16068,0
14608,0
28295,0
15593,0
13082,0
1513,0
6503,0
19324,0
7732,0
9634,0
24929,0
266,0
19601,0
20958,0
24819,0
31760,0
15016,0
10033,1
8623,0
22542,1
1978,0
6063,0
11893,0
4464,0
1504,1
20724,0
20830,0
29359,0
13509,1
29711,1
21437,0
31817,0
24226,0
21526,0
24918,0
4228,0
27934,0
14559,1
1045,0
7333,0
25915,1
7949,0
29030,1
17506,0
18101,0
13515,0
12610,0
8617,1
20279,0
12989,0
69,0
20281,0
27234,0
22141,0
4599,1
25108,1
16670,1
8387,0
5900,0
27867,1
4506,0
4329,0
20743,0
4315,0
15998,0
1520,1
102,0
6968,0
22143,0
22185,0
9586,0
16792,0
32158,0
6847,0
22869,0
18423,0
27426,0
8815,0
6811,0
4167,0
17859,0
20603,0
19647,0
18367,0
25801,0
29907,1
3733,1
9705,1
11729,0
20166,0
1042,0
11640,1
22544,1
32154,0
17286,1
22532,0
13462,0
25301,0
30224,0
9754,0
3978,0
24410,0
7910,0
1301,0
8057,0
26150,1
25510,0
14345,1
10753,0
8153,1
16771,0
6620,0
4987,1
1280,0
23872,0
1216,1
3286,0
17445,0
13022,0
18571,1
19652,0
13464,0
27731,0
23215,0
31922,0
30128,1
17598,0
25940,0
28461,0
3496,0
20674,0
7746,0
17593,0
29439,0
29336,0
18134,0
9617,0
6624,0
16918,1
31588,0
7039,0
13003,0
22845,1
12994,1
10706,0
22817,1
8203,0
23626,0
4904,0
21370,0
19034,0
22297,0
4797,1
15622,0
8477,0
2684,0
21686,0
19542,0
23676,0
19742,0
18421,0
25738,1
24798,0
16333,1
14253,0
17545,0
32005,1
11340,0
6113,0
14008,1
30440,0
6190,0
15873,0
24925,0
8363,1
15043,0
26599,0
2714,0
687,1
31560,0
13269,1
7042,0
21861,1
17640,0
32170,0
5120,1
29504,1
7380,1
4115,1
25390,0
29982,0
23081,0
22521,0
9270,0
19013,0
31848,1
27515,0
12563,1
10971,0
11726,1
5181,0
27357,1
25715,0
10894,0
11502,0
4069,0
21597,0
2230,1
21753,0
7420,0
28451,0
11174,0
22840,0
30084,0
21069,0
23652,0
13552,0
938,0
23953,0
3433,0
30953,0
5977,0
20546,0
31861,0
5172,0
20151,0
8539,0
18813,0
4900,0
27023,1
8230,0
21147,0
22548,0
1830,0
15846,0
19754,1
20431,0
20839,0
28259,0
422,1
6667,0
27521,0
25262,0
19549,0
19895,1
30632,1
18849,0
23822,0
859,0
567,0
1132,0
11777,1
28333,0
28763,0
2367,0
5674,0
20624,0
27181,0
6211,0
21223,1
22708,1
26831,0
9346,0
31957,0
16165,1
23855,0
29808,1
8253,0
18670,0
4265,0
1404,0
11657,1
25608,1
16149,0
4388,0
25242,1
21321,0
2241,0
20579,1
25016,0
25657,1
11424,0
6823,1
18892,0
27189,0
26736,0
8209,1
31877,1
16131,0
25482,1
11961,0
16324,0
32143,0
21458,0
9828,1
18568,1
11193,1
23744,0
6018,0
4747,1
10412,0
9175,0
13534,0
7260,0
12615,0
12846,0
18102,0
27678,0
29622,1
9446,0
25812,0
17840,0
14998,0
14097,0
24018,1
953,0
1467,1
4312,1
28356,0
12388,0
3126,0
370,0
4584,1
3329,0
14381,0
21657,1
11404,1
16221,0
6053,0
22232,0
14933,0
84,1
26744,0
30336,0
25989,1
7935,0
18049,0
11846,0
13808,0
654,0
23095,0
5499,0
11863,0
1246,1
2690,0
30044,0
30121,0
24035,0
5207,0
17277,1
21457,0
1827,0
31410,0
21531,0
17560,0
19253,0
28343,1
30863,0
2564,0
25847,1
9671,0
5669,1
14555,0
14056,0
26835,0
2530,0
15652,1
1960,0
21217,0
30312,0
32334,0
29722,0
26513,0
12273,0
5638,0
13351,1
20888,1
88,0
17538,1
23969,0
29120,1
11516,0
11960,0
1541,1
23768,1
17542,0
17132,0
14389,1
1758,0
16305,0
32494,0
7226,0
1158,0
19318,0
15608,0
15995,0
9961,0
231,0
4477,0
2543,0
1292,0
25932,0
17186,0
15072,0
384,0
2539,0
5134,0
15530,0
6760,0
11971,0
26802,0
23179,0
11603,0
14098,0
27714,0
1761,0
10015,0
7162,0
2888,0
17067,0
15439,0
5711,0
1637,0
6808,1
13112,1
11907,0
10270,0
15429,1
22607,0
11271,0
15274,0
19610,0
15111,1
17941,0
32057,1
20256,0
25381,0
19855,0
5551,0
8673,0
19734,0
12631,0
16901,0
4563,0
6691,0
11623,0
11592,0
20129,0
26661,0
2055,0
31954,0
8484,0
24346,1
15983,0
4166,0
2045,0
13678,0
17342,0
8743,1
5997,0
19761,0
15250,1
21247,0
28607,1
7747,0
22756,0
11762,0
9132,0
31628,1
23,0
26255,0
24032,0
10949,0
25658,0
8991,0
10910,1
15222,0
30658,0
13365,0
27172,0
30506,1
13914,0
29746,0
19707,0
13951,0
20009,0
9412,0
5028,0
10084,0
10157,0
4170,0
4593,1
4670,1
30763,0
21324,0
18925,0
15700,0
13145,0
28081,0
13892,0
30305,0
17848,0
31166,1
12641,0
23506,0
8870,0
29090,0
4251,0
1141,0
27081,0
10711,0
29512,0
29082,0
21787,0
12943,1
28039,1
16490,0
56,0
20851,0
18393,0
26112,0
26813,0
22184,0
20240,1
6060,0
29343,0
7146,0
5655,0
6075,1
12543,0
26647,1
31792,0
27036,0
22747,0
11598,0
8641,0
14054,0
10293,0
19342,0
18268,0
28940,1
31288,1
25070,0
18409,1
19084,1
10649,0
12490,0
21583,0
14113,0
16569,0
4988,1
4014,0
24635,0
14904,0
4036,0
19764,0
512,0
23724,0
10681,0
25137,0
17131,0
31938,1
31986,1
26887,1
4766,0
5824,0
31638,0
13358,0
29008,0
26431,0
13505,1
1575,0
4976,0
12626,0
16657,1
14296,1
14456,0
6850,0
15651,1
28199,0
7449,0
3271,1
29682,0
16349,0
13494,0
31399,0
11614,0
23894,0
24084,0
29208,1
16980,0
29294,0
28585,0
25183,0
4527,0
27950,0
20244,0
21837,0
4575,1
20444,1
6966,0
24729,0
18432,0
23750,1
22136,0
2321,1
27481,0
24766,0
7671,0
13926,0
15061,0
8471,1
7362,1
24841,0
5415,0
3474,0
13779,1
22080,0
28510,1
12576,0
28630,0
26997,0
18474,0
15715,0
18654,1
31066,0
15956,1
13789,0
7182,0
27298,0
343,0
8373,0
16270,0
30802,0
896,0
14060,0
28316,0
12333,0
4873,1
1148,1
27044,1
28345,0
12531,0
32208,0
26862,1
12171,0
26005,0
29794,0
7662,0
30446,0
6085,0
30143,1
8555,0
14394,1
8161,0
27327,0
2487,0
6164,0
17140,0
21998,1
26127,0
30712,0
2491,0
14790,0
13766,0
31161,1
13679,0
30678,0
25275,0
22723,1
32425,0
2214,0
8927,0
25720,0
21195,0
28675,1
23180,0
1366,0
30914,0
26492,0
8730,0
8637,0
9533,0
3782,0
16909,1
29691,0
1522,0
27467,0
12138,0
16240,0
3260,1
31340,0
14472,0
23770,0
16050,1
1749,0
28553,0
23719,0
4330,0
2091,0
30218,0
15064,0
5680,1
18487,0
30936,0
9081,0
12800,1
18771,0
17850,0
31506,0
23093,0
2967,0
11183,1
6982,0
5466,0
28535,0
19735,0
3304,0
3665,0
14690,0
11196,0
20798,1
332,0
3641,0
11763,0
8393,1
12209,0
11627,0
20312,0
13391,0
25062,1
14024,0
1662,0
31214,0
21869,0
4127,1
28611,0
29015,0
25908,1
13770,0
21447,0
23142,0
25290,1
14192,1
30456,0
32210,1
12597,1
7073,0
10569,1
28166,0
17808,0
14225,1
28807,0
30266,1
24154,1
18987,1
31528,0
20890,1
10006,0
20145,0
1296,0
11895,0
2932,0
10441,0
6540,0
25019,1
8933,0
12870,0
1383,0
2156,0
2664,1
5989,0
23200,0
29127,0
14943,0
11177,1
27595,0
19115,0
14531,0
27820,0
16368,0
57,0
20191,0
30120,0
3161,0
13206,1
12894,0
9835,0
26734,0
11445,0
761,0
6436,0
30452,0
15341,1
22468,0
18830,0
29116,0
20458,0
31086,1
14246,0
18722,1
9355,0
2072,0
12351,0
4352,0
32058,0
30136,0
1891,0
7979,1
25975,0
23059,0
8976,0
29806,1
8456,0
7390,0
17214,0
1390,0
27374,1
27951,1
13489,0
17337,1
21167,0
29535,1
201,0
2206,0
18877,0
20792,0
26612,0
19223,0
1189,0
674,1
14878,1
3933,0
10660,0
2904,0
12698,0
14512,0
14923,0
30853,0
17799,1
18985,0
16244,0
5798,1
30989,0
3305,0
30579,0
7198,0
3804,0
18863,0
7602,0
5950,0
27807,0
12796,0
17187,0
2265,1
3729,0
25775,0
22398,1
15175,0
10883,0
5642,0
10227,0
7450,0
20238,0
3579,0
20780,0
10874,0
3987,0
20115,0
22146,1
8846,0
12368,0
19025,1
7435,0
12764,0
18339,0
25186,0
8498,0
19567,1
19819,0
28275,0
29564,0
3603,0
21619,0
26914,0
32294,1
316,0
21789,0
8236,1
11879,0
3415,0
6099,0
10198,0
18452,0
10564,0
15401,0
21877,0
10704,0
16763,1
13602,0
5771,0
6012,0
11165,0
11118,0
30151,1
9136,0
3317,1
18103,0
2355,0
7769,0
27631,0
32262,0
11698,0
12436,0
5599,0
16866,0
25306,1
19928,0
22401,0
17162,0
6136,0
5891,0
2733,0
9203,0
15134,0
31414,0
21665,0
16887,0
20357,0
12103,0
30590,0
2958,0
20476,0
5503,0
25468,0
16445,0
2990,0
12529,0
12059,0
2395,0
18257,0
7593,0
11541,1
5039,1
29322,0
19626,1
1998,1
2361,1
3813,0
32091,0
27602,0
4347,0
7153,0
29251,0
22466,0
10315,0
27852,0
17205,0
8835,0
263,0
3019,0
14859,0
27169,0
27230,0
7291,0
30194,0
9011,0
14331,0
2220,0
6036,0
23929,0
30005,0
18204,0
17656,1
28558,0
5180,0
31451,1
31805,0
29987,0
13527,1
5401,0
26541,0
12720,0
26310,1
19469,0
6407,0
30204,0
1988,0
22317,1
9430,0
28642,1
13125,1
17764,0
22437,0
18340,0
11757,0
30448,1
18742,0
22771,0
2363,0
2445,0
9296,0
5760,0
27042,0
9190,0
6495,1
4948,0
1766,0
9971,0
14771,0
21729,1
3402,0
5746,0
6095,0
25104,0
23888,0
11872,1
10673,1
26704,1
26801,1
13899,0
4277,0
30179,0
6957,1
27471,1
17917,0
16258,0
25074,0
19386,1
7106,0
31216,1
30090,0
30027,1
31279,0
5243,0
3637,0
1533,0
13343,1
25867,0
12024,0
16216,0
20085,0
8792,1
4492,1
31812,0
3882,0
25130,0
5116,0
20865,1
28568,0
2419,0
8999,0
2970,0
14367,1
6023,0
13014,0
11030,0
20619,0
4848,0
13830,0
2104,0
730,0
8516,0
30353,1
14819,0
22173,0
7728,0
13915,0
3486,0
18814,1
7569,0
16920,1
26124,0
31065,1
18347,0
2528,0
25221,0
26865,1
13518,0
12261,1
22803,0
3839,0
19330,0
22688,0
16454,0
18496,0
596,0
31738,0
1436,0
537,0
32330,0
26644,0
16893,0
10099,0
11197,0
14134,0
11684,0
28521,0
14561,0
11862,0
23655,0
17175,0
23540,0
20789,0
15313,0
16877,0
15495,1
1428,0
12809,0
25344,0
15305,0
308,0
10958,1
23227,0
3227,0
23353,0
13828,0
21534,0
293,0
4192,0
16382,0
1458,0
4437,0
20020,0
4992,0
9039,0
16623,1
21497,0
18460,0
20779,0
15543,1
31855,0
19859,0
4819,0
22365,0
15355,0
4207,0
31300,0
12161,0
17601,0
2085,1
18075,0
19788,0
30258,1
26962,0
23880,0
13429,0
27810,1
11944,0
3187,0
8338,0
9481,0
30828,0
10622,0
1621,1
29020,0
11269,1
15755,0
6207,1
8412,0
8581,1
10239,0
18853,1
2813,0
13644,1
8205,1
27604,1
8102,1
5166,1
7930,1
7936,0
30318,0
3854,0
3403,0
6604,0
14423,0
14869,0
23856,0
11075,0
18652,0
20903,0
6945,0
1033,0
24523,1
17754,1
30973,0
24510,1
3018,0
9655,0
2721,0
20495,0
9429,0
543,0
30728,0
24458,0
11686,0
26205,0
24975,0
5489,0
14658,1
14909,0
16966,0
15095,1
5126,0
9439,1
7218,1
14323,0
25478,0
11681,0
5836,1
20662,1
24383,0
20368,1
31623,0
23464,1
32471,0
13320,0
2802,0
3085,0
2518,0
3676,0
7603,0
14906,1
6227,1
31050,0
11524,0
30660,0
18145,0
455,0
1338,0
30861,0
13367,0
692,1
18719,0
30839,1
19332,0
2863,1
2124,0
23763,0
9524,0
19376,0
1544,0
6685,0
30629,0
30955,0
427,0
18356,0
3077,1
21705,0
27783,0
15249,0
27406,0
18655,0
5199,0
24633,0
6378,1
11350,0
29895,0
28548,0
24323,1
10488,0
25429,1
8396,1
28157,0
14985,0
21206,1
1159,0
13492,0
3272,0
2788,0
12010,0
16648,0
16077,0
6967,0
4610,0
21196,0
29976,1
2106,1
15244,1
3785,0
28481,0
8239,0
10724,0
3801,0
14803,0
27995,0
17610,0
12349,0
26422,0
30502,0
6772,0
29334,0
22077,0
13094,0
4246,1
24451,1
6874,0
27724,0
147,0
23816,0
12499,0
21908,1
11738,0
9826,0
11966,0
6493,0
4296,0
16250,0
6860,0
32355,0
22728,0
9211,1
25178,1
1596,0
31232,1
6185,0
21778,0
6631,0
17478,0
21132,0
29174,0
29287,0
10668,0
26033,1
10243,0
18630,0
15360,0
19965,0
18080,1
24088,0
31040,0
5745,0
11359,1
25305,0
26773,0
16890,0
377,0
30700,1
31489,1
18788,0
24668,0
29215,0
22391,0
7843,0
7409,1
23065,0
11410,1
793,0
26958,0
14944,0
11007,1
5106,0
29548,1
31469,0
23124,0
26861,0
29472,0
27348,0
5635,0
30997,0
10285,0
7377,0
15572,0
417,0
15242,1
456,0
3069,0
3299,0
3661,0
2803,0
21968,0
11491,0
19308,0
2,0
26774,0
16010,1
5985,1
4913,0
24724,0
23603,0
13522,0
13068,0
1154,0
19441,0
8618,1
3552,1
20413,0
3135,0
31600,0
20497,0
19852,0
17330,1
24360,0
12283,0
1409,0
28448,0
30974,0
8678,0
391,0
13158,0
16009,0
31186,0
24866,0
25881,1
26891,1
29739,0
12961,1
5619,0
13709,0
7571,1
1463,0
18197,0
21144,0
415,0
20571,0
1746,0
4576,0
27685,0
21721,0
21620,0
12717,0
12341,0
31238,0
31745,1
26984,0
30951,1
25005,0
18337,0
18368,0
29823,1
2573,0
11568,0
27890,0
20109,0
7781,0
15576,1
1098,1
1304,0
17213,0
21124,1
4084,0
7651,0
30371,0
16988,0
10133,0
12722,0
13904,1
3976,0
8165,0
8320,1
5463,0
16823,0
11086,0
17960,0
28617,0
11811,0
9371,0
16575,0
7688,0
2807,0
13611,0
19499,1
32148,1
6794,0
24395,1
4494,0
17101,0
3394,0
29121,1
29223,0
21711,0
9869,0
31235,0
3875,0
24905,0
18324,0
5853,0
27848,0
4993,0
17750,0
10804,0
9534,0
24651,1
12337,1
23650,0
4218,0
25406,0
25935,0
18970,0
20921,0
3991,0
26378,1
8523,0
16467,0
14937,0
11600,1
17583,0
10217,0
27492,1
19250,1
21209,0
8130,0
1300,0
7885,0
27261,0
24584,0
24314,0
28817,1
18558,0
4137,1
25950,0
9979,0
21432,0
22284,1
31966,1
28582,0
10952,1
3176,1
30410,0
586,0
4323,0
22981,0
30243,0
20042,0
946,0
20679,0
7632,0
17813,1
13262,1
31337,0
15045,0
20272,0
219,0
25177,0
18550,0
12851,0
1024,0
21129,0
6595,1
20078,0
19550,1
37,0
2411,0
2998,0
24118,0
24868,1
13453,0
19251,0
19154,1
13993,0
11804,0
22007,1
22605,1
16675,0
27102,0
21218,0
27018,0
22010,1
5231,0
31403,0
6148,0
14919,0
9821,0
3629,0
19246,0
27913,0
9076,0
28590,0
1602,0
10853,0
25593,0
27021,0
12158,0
6156,0
19731,1
1362,0
32047,0
29969,0
15195,0
1288,0
18548,0
18741,0
31895,0
30676,0
12544,0
21850,1
29812,0
31119,0
10701,0
2891,0
5837,0
26994,0
619,1
19374,0
20453,0
28311,0
14837,0
26603,1
25049,1
30890,1
33,0
17024,1
29463,0
23536,0
23983,1
10893,0
12523,0
26259,0
5854,0
1953,0
12728,0
565,0
8599,1
7504,0
6888,0
23431,0
32544,0
13924,1
22255,0
3191,0
29379,0
7439,0
29974,0
1289,0
20657,0
23372,0
21295,0
22591,1
26456,0
2711,0
20077,0
11189,0
13513,0
20349,0
10552,0
7010,0
31695,0
10011,0
6619,0
32054,0
18560,0
12143,0
31191,0
17891,0
29973,0
22641,0
18561,0
4525,0
26250,0
27738,1
8305,0
2729,0
838,0
12856,0
30669,1
5398,0
27689,0
1399,0
8273,0
31351,0
23251,0
13086,0
15955,0
19858,0
15185,0
20108,0
30993,0
9160,0
23798,0
20188,0
32269,0
8087,0
24559,0
24585,0
28017,0
1842,1
15456,0
6807,0
13794,0
3212,1
18412,1
26383,0
8975,0
18397,0
31028,1
25269,0
3405,1
11163,0
9015,0
6700,1
5952,0
11229,0
29256,0
15299,0
330,0
12169,0
11233,1
24730,0
12824,0
8840,0
3059,0
24546,1
26768,0
19343,0
6195,0
21608,0
7681,1
26913,0
11166,0
22400,0
12489,0
18323,1
14864,1
4457,0
26757,0
21263,0
28393,1
12046,0
17207,0
11741,1
6693,1
5714,0
12564,0
4511,0
15577,1
874,0
3171,1
1455,0
23224,1
29587,1
18328,0
17940,0
2447,0
8098,0
21429,0
6337,1
8779,0
30351,0
19528,0
16051,0
19674,0
30445,0
32457,1
30022,0
13276,0
2977,0
26822,0
22075,0
27910,0
20994,0
18440,0
3243,0
3203,1
18505,0
364,0
30009,0
12932,0
3957,0
3869,0
1368,1
29420,0
30219,0
20504,0
14406,1
26233,0
18203,0
25173,0
9592,0
25581,1
9522,0
26719,0
1700,0
19845,0
29580,0
18570,0
5442,0
22381,0
21333,1
18195,0
11215,1
12051,0
27559,0
9712,0
21581,0
30330,0
10090,0
31156,0
15196,0
22618,0
7019,0
27911,0
11564,0
21121,0
25590,0
13390,1
5411,0
13689,0
3283,0
6899,0
7008,0
31298,0
25868,0
30631,0
26521,0
19312,0
18841,0
7155,1
1685,1
1353,0
27403,0
32187,0
3722,0
14005,0
1328,0
2130,0
24619,0
11089,0
30400,0
28241,0
18322,0
17849,0
4111,0
23461,0
28612,0
27569,0
29002,1
9358,0
16167,0
36,0
29270,0
27877,0
20784,0
2611,0
19259,0
31094,0
30501,0
14729,0
23010,0
11667,0
15602,0
1828,0
22264,0
25572,0
22887,0
10849,1
12924,0
19040,1
18342,0
30499,0
32009,1
24902,1
7189,0
7134,1
16023,0
14902,0
7772,0
18705,0
1167,0
12358,0
5330,0
25408,0
28909,1
4343,1
1012,0
31488,1
29447,0
7290,1
11841,1
12380,0
1169,0
12335,0
28032,0
24135,0
20030,0
11918,0
3764,0
792,0
27811,1
15066,0
27057,0
9816,0
12585,0
9369,0
108,0
8482,0
26138,0
7526,0
31078,0
4067,0
11264,0
30023,0
17094,0
8168,0
18379,0
18299,0
4748,0
14888,1
25717,0
85,0
29019,0
10087,0
1603,0
26691,0
12126,0
5377,0
11923,0
26211,0
18039,0
10348,0
21627,0
12346,0
16981,0
15417,0
12804,0
26589,0
10244,0
23240,0
5678,0
9005,0
1547,1
7202,1
20310,0
18312,0
3806,1
7310,0
31983,1
23090,0
7549,0
21539,0
4364,0
25555,0
4117,0
27740,0
31394,0
27646,1
12872,0
28124,0
23505,1
2641,0
27297,0
3257,0
242,0
8735,0
32495,0
28671,1
4342,0
10130,0
30899,0
6354,0
3780,0
16938,1
8919,1
4286,0
29173,0
15780,0
12323,0
30665,0
20601,1
17235,0
10653,0
7326,0
17791,0
29469,0
29370,0
19243,0
25676,0
17348,0
22287,0
14946,0
2505,0
2128,0
20168,1
29042,0
13271,0
28226,0
7192,0
5417,1
20966,0
2370,0
2460,0
16063,0
4151,0
23587,0
27734,1
1251,0
2167,1
5822,1
1841,0
29991,0
12033,0
25448,0
6491,0
14481,0
7239,0
5539,0
1618,0
8050,1
6653,0
28229,1
26555,0
30484,0
8419,1
25063,1
17788,0
30770,0
30142,0
7254,0
5348,0
31826,1
19422,0
16170,0
29293,0
1117,0
1373,1
16535,1
8530,0
12501,0
11787,0
27074,0
3108,1
134,0
22506,0
25585,0
22307,0
25512,0
26426,1
15702,0
2918,1
23062,0
10670,0
9759,1
11604,1
15019,0
3325,0
12981,0
9968,0
31777,0
12088,0
7247,0
15100,1
29246,0
2608,0
27989,0
8502,0
24122,1
4869,0
20490,0
6502,0
30685,0
29009,1
23733,1
17174,0
1991,0
19690,0
8605,0
1196,0
24522,1
30290,1
16383,0
24618,0
2362,1
10447,0
15782,0
27688,0
28529,0
29770,0
14157,0
6331,1
21442,0
19789,1
16402,0
29731,0
5294,0
17884,1
18364,1
23557,0
6824,0
311,1
6868,0
28299,0
11475,0
1174,0
27606,0
23374,0
31769,0
2289,0
3847,0
26978,0
11860,0
29034,0
13707,1
6161,0
3719,0
18945,0
9578,0
4328,0
16972,0
20051,1
23413,0
15012,0
1124,0
26614,1
28239,0
6926,0
23306,0
29186,0
8767,0
17004,0
11144,1
8194,0
24938,0
14150,0
22933,1
13840,1
17224,1
5020,0
19918,0
29538,0
27581,0
10479,1
15960,0
12941,0
3437,0
1113,0
6383,1
21607,0
3100,0
27244,0
26960,0
20169,1
12482,0
20488,1
18644,0
28623,0
28732,0
9368,0
13459,0
22753,0
14159,0
9755,0
4803,0
29268,0
13473,0
20672,0
1305,1
22274,0
7201,0
32001,1
8126,0
24582,0
14666,0
18382,0
32144,0
17448,0
25391,0
17761,0
30905,0
2890,0
14623,0
2880,0
18065,0
8781,1
18636,0
17456,0
4421,1
14974,0
949,0
19125,0
19562,0
10183,0
20417,0
23159,0
8204,0
13729,1
16765,1
14594,1
8061,0
24881,1
7373,1
23211,0
30940,1
29078,0
6149,1
23376,0
19095,0
28648,0
4837,0
6975,0
6609,1
6678,0
2252,1
1345,0
17896,0
31014,0
6122,0
24190,1
14596,1
13573,0
14718,0
21297,0
28238,0
17376,0
19489,0
19425,0
12678,0
230,0
22500,0
30083,0
1684,0
7699,1
1059,1
4557,0
21616,0
22321,1
6011,1
27007,1
29858,0
6059,0
13272,1
23624,0
3589,0
1968,0
7720,0
3423,0
11977,0
29582,0
6857,0
20184,0
18757,0
25023,1
20924,0
7063,0
8521,0
15792,0
14075,0
7606,0
13745,0
17455,0
12298,0
18617,0
25538,0
29061,0
10370,1
23449,0
32377,0
12336,0
12146,1
24704,0
4844,0
14039,0
510,0
7996,0
506,0
9417,0
18758,0
4211,0
21884,1
1906,0
15487,1
13157,0
32509,0
8304,0
27603,0
4968,0
19909,0
4390,1
7037,0
27839,0
14928,1
14651,0
10144,1
16115,0
4120,0
3230,1
17188,0
12649,0
18295,0
30025,0
389,0
19129,0
24682,0
19465,0
19030,0
4394,0
14533,0
30697,0
14571,0
66,0
29193,0
23508,0
19740,1
3249,1
1860,0
7822,0
4642,0
2182,0
26367,0
5444,1
5898,1
29253,0
31867,0
21848,0
9687,0
11734,0
29706,0
28576,0
6878,0
14025,0
6892,0
5191,0
8493,0
8639,0
1308,0
16692,0
27246,0
13047,0
11791,0
8349,0
17180,0
15212,0
9259,0
20746,0
30320,1
17919,0
12293,1
20539,0
20670,1
31851,1
16603,0
5164,0
11890,0
22153,1
18899,0
9330,0
23632,0
24600,1
2245,1
31995,0
24871,0
29531,0
8746,1
20459,1
21744,1
12996,0
26838,0
7318,0
14823,0
23720,0
6649,0
26398,1
8033,0
13685,0
23546,1
16021,0
9994,0
11048,0
29065,0
28150,0
3543,1
27673,0
2761,0
4740,0
3894,1
27455,0
21298,0
1084,0
21036,0
22021,0
13265,0
14402,0
18105,0
7487,0
11184,1
26394,0
8894,0
6038,0
25849,0
14661,1
26680,0
4160,0
24071,0
18327,0
15148,0
13403,0
19186,0
12905,0
7160,0
30738,0
15739,1
12133,0
5867,0
6270,1
20043,0
2061,0
26567,1
21224,1
25929,0
21797,0
17220,0
3930,0
18934,0
5792,1
29933,1
12783,0
4178,1
31049,0
1901,0
6637,1
28895,0
4414,0
21334,0
32440,0
27463,0
26784,0
22975,0
12086,0
27566,1
1023,0
5312,0
15231,0
28101,0
13812,0
4079,0
17787,1
25276,0
4564,0
16523,0
26568,0
13674,1
30070,0
14119,0
17497,0
23846,0
31869,1
6026,0
2913,0
14833,0
18767,0
5000,1
22744,0
14206,0
26939,0
25040,0
9399,1
10220,0
11637,0
131,0
32341,1
29994,0
4314,0
31305,0
5567,0
15400,0
31468,1
30512,0
13667,0
3809,0
5529,0
618,1
23330,0
18010,0
25754,0
9746,0
20690,1
5145,0
19272,0
32007,0
16561,0
21502,0
14683,0
13773,0
2416,0
23432,0
345,0
20113,0
13670,0
4327,1
17921,1
28752,0
7725,0
8063,0
21826,1
10679,0
21993,1
4416,0
25670,0
19404,1
27773,0
31254,1
23061,1
2786,0
27808,0
386,0
21203,1
19625,0
30876,0
25571,0
9137,0
1916,1
16951,0
20618,0
24443,1
24715,0
20084,0
18624,1
16640,1
421,0
28227,0
8472,0
12768,1
5966,0
18961,0
23555,0
27560,0
2952,0
10289,0
20126,1
24558,0
31331,1
19174,0
23011,1
163,0
14802,1
14590,0
12969,0
4907,0
30795,0
8972,0
25811,0
9419,0
29624,0
2874,1
4910,0
4499,0
20972,0
13296,0
6235,0
6280,0
15796,0
31669,0
9467,0
4710,0
24435,0
25588,0
9924,0
11195,0
12790,1
19296,0
15566,0
32022,0
25973,1
29446,1
32110,0
23479,1
9093,1
16519,0
9926,0
10568,0
23992,0
25689,0
26624,1
17846,1
6828,0
14757,1
27863,1
15399,0
17702,1
8357,0
11408,1
16312,0
21417,0
24926,0
30707,0
9571,0
10897,0
15162,0
21508,0
23528,0
24471,1
15248,1
26610,1
23067,0
20927,0
2074,1
17266,0
16399,0
5226,0
32214,0
27921,0
25548,1
17812,0
18697,1
14201,0
22944,0
15899,0
26829,0
813,0
15209,0
9345,1
19017,0
19341,1
7455,0
17520,0
15936,0
1476,0
24863,0
26846,1
16992,0
10557,0
11696,0
2462,1
10916,0
1425,0
2052,0
26254,0
16939,0
20196,0
15005,0
21282,1
20074,1
15082,1
20906,0
13260,0
30912,1
16831,0
14930,0
11887,0
31915,0
17653,1
30788,1
18038,0
30675,0
31711,0
17265,0
6565,0
2557,0
20845,0
28589,0
27441,0
6531,0
23476,0
19816,0
19220,0
4041,0
28946,1
28527,0
20913,0
222,0
2548,0
29778,0
6027,0
28412,0
4411,1
1170,0
11901,1
32219,0
6438,0
12357,0
11304,0
22666,0
21926,0
26183,0
21465,0
25996,0
14498,0
26753,0
8904,0
12502,0
4622,1
17483,0
32160,0
20595,0
28115,0
18095,0
15484,0
25013,0
16122,0
15220,1
7306,1
19135,0
14991,1
14848,0
24887,0
956,1
29822,0
3857,0
19571,0
26449,0
851,0
10571,0
17503,0
15673,0
23535,0
13476,0
25436,1
19058,0
28104,0
1239,0
14479,0
15864,0
26511,0
6107,0
25398,0
32372,1
6398,0
1598,0
23748,0
6192,1
23987,1
31090,0
31419,0
27799,0
24083,0
28755,1
5160,1
5694,1
8075,0
11780,1
5073,1
6253,0
19291,1
19321,0
14440,0
6052,0
19285,0
10845,0
1408,0
454,0
23222,1
19807,1
18514,0
3298,0
28815,0
27339,0
3355,0
9241,0
13259,0
32049,1
22471,1
22260,0
24673,1
17707,0
21625,0
13638,0
10298,0
27255,0
5910,0
4534,0
24142,1
7414,0
3092,0
6654,0
26564,0
14124,0
7739,0
22031,0
1755,0
23220,0
17691,0
17485,1
17746,0
18381,0
28734,0
23207,0
22238,0
6818,0
16261,1
12084,0
19628,0
26539,0
3067,0
29224,0
9336,0
4345,0
22139,0
3551,0
17889,0
27418,1
18680,1
30582,0
9921,0
24961,0
259,0
6344,0
1468,0
440,0
27896,0
15317,0
29050,0
26268,1
13809,0
7149,0
10428,0
18651,0
2401,0
2999,0
19416,1
30370,0
29221,0
30301,0
18292,0
22486,0
12243,0
6782,0
31968,0
9396,0
24612,0
28467,0
10035,0
5504,0
30721,0
5364,0
5700,0
11845,0
13512,0
31570,0
27965,0
44,0
29380,0
6194,0
2666,0
29205,0
1599,0
32218,0
28057,0
8797,0
11656,0
2523,0
23304,0
6826,0
17678,0
29076,0
5206,0
10170,0
16054,0
1398,0
28198,0
6295,1
11508,0
27729,0
19447,0
9256,0
11908,0
10460,0
27567,0
7272,1
15345,1
24927,0
24130,0
13424,0
32176,0
29495,0
595,0
1539,0
18211,0
12568,1
16973,0
10525,0
7025,0
14091,0
23491,1
815,0
32364,1
11185,1
2503,0
11150,0
1633,0
31920,0
597,1
17780,0
11548,1
29775,0
2560,0
28424,0
407,0
17576,0
7416,1
15466,1
13503,0
23780,0
733,0
27391,0
24150,1
20445,0
22759,0
2407,0
9749,0
32408,0
14174,0
9679,0
20951,0
27975,0
11852,1
10829,1
17098,0
676,0
1928,0
31016,1
25523,0
29853,0
19994,0
130,0
22496,0
25293,0
25618,1
21225,0
22700,0
11818,0
5315,0
4912,0
8669,1
5193,0
2132,0
1854,0
12112,0
21889,0
17796,1
17820,0
7244,0
14807,0
15015,1
21595,0
28629,0
9014,0
20967,0
20434,0
2542,0
17155,0
8015,0
16066,0
14758,0
20049,0
26302,0
27487,0
942,1
7348,0
9660,0
566,0
25444,0
15321,0
28205,0
27802,0
21860,0
23079,0
32300,1
5369,0
18499,0
11113,0
16773,0
31814,0
22829,1
30340,0
12417,0
15333,0
3312,0
24765,1
24699,0
1731,0
22107,0
14461,0
1657,1
26798,0
15295,0
5709,1
22427,0
27508,1
26128,1
8162,0
29964,0
14172,1
21555,0
4732,0
26418,0
18454,0
16413,0
21112,0
10117,0
24119,1
16874,0
9788,0
30419,0
16615,0
17313,0
3015,0
10372,0
26369,0
7929,0
28069,1
14756,1
1475,0
13160,0
28100,0
18960,1
7077,0
22545,0
6741,0
12061,0
20829,0
20682,0
16411,0
31591,0
4184,0
3682,1
26479,0
26354,0
28546,0
28564,0
11460,0
25144,0
30097,0
11342,0
4517,1
7916,0
14895,0
10407,0
12944,0
2940,0
21362,1
10689,0
1104,1
4300,0
5988,0
2273,0
21507,0
17263,0
25980,0
10465,0
27239,0
7890,0
4436,1
30087,0
22425,0
27415,0
26109,0
8879,1
9298,0
15280,0
5104,0
1932,0
11454,0
29997,0
9982,1
21724,1
2879,0
17077,1
10410,0
14725,1
26072,0
21271,0
17466,0
18418,1
23861,0
25284,1
29536,0
10387,0
9372,1
21824,1
31258,0
29084,0
4577,1
19210,0
20557,1
25409,0
28210,0
30117,0
31721,0
22731,0
31729,1
30659,0
10272,0
1525,0
11052,0
4868,0
12933,1
14476,1
14311,0
24262,0
5188,0
28994,0
14333,0
13872,0
31133,0
12295,0
18912,0
19529,1
23978,0
22433,0
5617,0
14037,0
26883,0
18507,0
17779,0
19733,0
4665,0
12850,0
4546,1
3237,0
6420,1
5240,0
28135,0
22120,0
959,1
22587,0
25708,0
25289,0
7502,0
24786,0
16843,0
22241,0
23552,0
31408,0
24983,1
23669,0
31665,0
27797,0
6940,0
21903,0
9581,0
28859,0
20901,0
27834,0
2476,0
5811,1
5490,1
28339,1
7819,0
1601,0
4043,0
10388,0
29543,0
24884,0
6558,0
4013,0
197,1
20171,0
3604,0
3745,0
285,1
2478,0
22188,0
29049,0
21344,1
18928,0
9223,0
25946,0
2027,0
30141,0
30944,0
6028,0
2011,0
13610,0
1785,1
12852,0
3310,0
1282,0
21691,0
6473,0
32125,1
11714,0
6793,0
16320,1
13777,0
14018,0
1260,0
12197,0
14303,0
17173,1
15772,0
25769,0
8736,0
24891,1
788,0
31732,1
6709,0
20492,0
21875,0
986,0
10143,0
294,0
28013,0
20639,0
17668,0
6069,0
26192,0
12517,0
8360,0
3623,0
20734,1
9531,0
18903,0
2736,0
18535,0
7234,0
23123,0
17857,0
2845,1
8788,0
20373,0
21155,0
22235,0
8199,0
30684,0
481,0
2782,0
28672,0
31193,0
13754,1
12373,0
22623,0
19005,0
11480,0
3142,1
10224,0
20112,0
16518,1
7511,0
27367,0
28829,0
2697,1
32316,0
15357,0
18456,0
29442,0
8095,0
29694,0
8728,0
13302,0
6674,0
19118,0
15523,0
20212,0
7826,0
32453,0
23187,0
31794,0
29570,0
21229,0
2907,0
7100,1
15657,0
13804,0
8167,1
17231,0
2980,0
20518,0
10885,0
552,0
19726,0
30372,0
14387,0
5827,1
20287,0
29126,0
29608,1
12144,0
852,0
16432,0
10859,0
30602,0
19347,1
8409,1
15973,0
23637,0
4999,0
7083,1
32261,0
18394,0
31081,0
25222,1
240,1
31079,0
30493,0
18530,1
5114,0
14138,0
9387,0
26630,0
25443,0
5023,0
24739,0
19579,0
15641,0
30249,0
6881,0
1999,0
9858,0
1958,0
8054,0
31128,1
12207,1
29391,0
20713,0
27072,0
21832,0
25710,0
30487,0
21541,0
18578,0
31103,0
25843,0
5382,0
4301,0
8969,0
29998,0
27833,0
13134,0
8120,0
2235,0
24170,1
30415,0
3097,0
4172,1
13340,0
18527,1
15325,1
27365,1
3259,0
2006,0
18230,0
31406,1
11512,0
8451,0
5149,0
13723,0
26372,1
17902,0
17247,0
28725,0
23618,1
15486,0
21920,0
30616,0
4405,1
19597,0
1052,1
25920,0
9426,0
13372,0
10356,0
26485,0
21009,0
21058,1
20416,0
8793,1
2143,0
21953,0
17597,1
27026,0
7556,0
14067,0
23993,0
30548,0
24667,0
17096,0
19847,0
1937,0
10128,0
29968,0
26374,0
20667,0
16257,0
9530,0
21325,0
239,0
26115,0
13514,1
16011,0
12122,0
24421,0
25577,0
27107,0
2385,1
13757,0
24473,0
14151,0
1152,0
27638,0
4921,0
14046,0
16917,0
18783,0
24025,1
20298,1
9010,0
23265,0
7947,0
20922,0
13618,0
27723,0
22560,0
30289,0
9407,0
5646,0
30302,0
22783,0
7233,0
31486,1
18317,0
12272,0
9650,0
13539,1
31945,0
21613,0
29376,0
9602,0
20014,1
22013,0
25489,0
20894,0
23761,0
10492,0
4412,0
943,0
23975,0
5345,0
46,0
23407,0
23874,1
20842,0
29117,1
17587,1
9029,1
3484,0
4474,1
27732,0
19481,0
18845,0
3282,0
29045,0
26942,1
3450,0
10903,0
5433,0
31885,0
600,0
9374,1
26876,1
31440,0
32365,1
17680,0
29129,1
10168,0
15898,0
24525,0
12587,0
9796,1
20687,0
13338,0
19523,0
30815,1
21895,0
22477,0
324,0
15999,0
18689,0
7640,0
1954,0
24043,0
31629,0
26655,0
7643,0
32500,0
23776,0
4727,1
1630,0
27270,0
12266,1
28037,0
21030,0
8431,0
119,0
28048,0
18854,0
16121,0
1747,0
22725,0
24742,0
7915,0
9123,1
21114,0
25079,1
6655,0
3289,0
22510,0
31997,0
14580,0
21230,0
14674,1
16994,0
9636,0
13704,0
1202,0
22571,0
15621,1
27262,0
12936,0
6728,0
24377,0
16759,1
29280,0
3588,0
11995,0
15856,1
3563,0
26007,0
8504,0
8164,0
25858,0
26402,0
31359,0
13176,0
24748,0
28559,0
5916,0
3573,0
14557,0
28538,0
23490,0
7818,0
23666,0
28939,0
1482,1
18807,0
11021,1
12737,0
31218,0
10085,0
31023,0
9635,0
26066,0
28837,0
25265,0
21964,0
3910,0
27511,0
4846,0
26641,0
9343,0
16660,0
2877,0
3908,0
16388,0
15818,0
1276,1
20956,0
14271,0
16743,0
26174,0
23459,1
563,0
13997,1
4179,0
29712,1
2740,1
19287,0
23298,0
5522,0
31531,1
17190,0
30467,0
26819,0
18478,0
26686,0
11219,1
3550,0
26321,0
16029,0
20379,0
12231,1
31815,1
29003,0
1505,0
31043,0
1772,1
29634,0
30664,0
30237,0
30896,0
20076,0
15110,0
29051,0
27173,0
14532,0
20702,1
31803,0
32343,0
2463,0
8532,0
438,0
15979,0
26279,0
23541,0
1078,0
2232,0
435,1
5506,0
16910,1
29467,1
13384,0
4030,0
15062,0
24842,0
18139,0
16036,0
22048,0
28297,0
21528,0
22214,1
9069,0
23414,0
7849,0
22237,0
15102,0
28464,0
8047,1
2621,0
9923,0
7181,0
12970,1
27069,0
18562,0
15612,1
31412,0
6958,0
23788,0
31491,1
12471,0
31364,0
4423,0
7476,0
5604,0
16348,0
6690,0
20939,0
19076,1
14797,0
6152,0
6907,1
26405,1
14696,0
29530,0
24182,0
3906,1
2251,0
918,0
11843,0
14035,0
2097,0
3125,1
10134,0
12044,0
19195,0
20811,1
9823,0
21398,1
7703,0
4088,1
5518,1
17673,0
27722,1
2963,0
8468,1
31795,1
8901,0
8710,1
6111,1
3608,0
1981,1
15805,0
6616,0
30596,1
12199,0
20801,1
12290,0
24277,0
24959,0
9964,0
17275,0
21099,0
6762,0
22680,0
27960,0
5802,0
4901,0
19966,0
9465,0
22911,0
26512,0
26339,1
8940,0
9508,0
28443,0
17406,0
3994,0
6819,0
7932,0
5549,1
29048,0
29103,1
13860,0
11677,0
6409,0
5342,0
2141,0
11728,0
26841,0
5118,0
32454,0
13290,0
9265,0
16559,0
29638,1
32384,0
7477,0
17274,0
11228,0
14719,0
23258,0
14187,0
10439,0
29080,0
19096,0
8864,0
3383,0
8501,0
29871,0
5696,1
2868,0
26664,0
31162,1
29772,1
6206,0
13841,0
4888,1
29988,0
27030,0
23817,0
9704,0
7536,0
27287,0
27930,0
13102,0
1831,0
31663,0
8178,0
2922,0
14337,0
11251,0
17145,0
4514,0
14478,1
6844,1
5543,1
23598,1
11087,0
16949,0
20783,0
30119,0
29649,0
2811,0
20484,1
23415,0
2757,0
2406,1
16891,0
18133,0
4940,0
13205,0
7003,0
11660,1
30384,0
12427,0
15813,1
16152,0
5729,0
3862,1
9726,0
4688,0
15653,0
10812,0
10257,0
8572,0
25961,0
13129,0
9734,1
9874,0
1392,0
13361,0
32124,0
12746,1
3612,1
20600,1
14255,0
19398,0
15458,0
12008,0
31187,0
1495,0
14248,1
28628,1
22915,0
32030,0
8598,0
32052,1
32077,0
7140,0
1970,0
27668,0
32013,0
22419,0
15565,1
22526,1
2316,1
9806,0
27978,0
18908,0
21042,0
6839,1
20124,0
10799,1
5005,1
23084,1
7886,0
10530,0
3117,0
13408,0
12474,0
30864,1
14277,1
25759,0
29576,0
14662,0
29803,1
15044,0
31896,0
19335,1
9401,0
13750,1
6993,0
13592,0
1941,0
17609,1
28479,0
3007,0
6873,0
22621,0
18465,0
20133,0
23828,0
8271,0
387,0
20162,1
18193,1
8046,0
17759,0
14281,0
1664,0
17474,0
14262,0
6490,0
91,0
31008,1
1548,1
11897,0
21081,0
28976,0
21899,0
18965,0
7978,0
20055,1
22344,0
16319,0
13326,0
2205,0
30589,0
27168,0
4930,0
11888,0
3475,1
15726,1
4143,0
26687,0
30893,0
19938,1
3072,0
6556,1
12835,0
9218,1
945,0
23155,0
20524,0
23771,0
2590,0
12247,0
4994,1
29799,0
7461,1
29424,0
18003,0
7678,1
20634,0
12457,0
40,0
29595,0
15963,0
13625,1
15301,0
25176,0
6988,1
29898,0
8691,0
5864,0
25214,0
24479,0
686,0
17984,1
4269,0
28387,0
20710,0
3455,0
25353,0
4839,0
27819,0
24703,0
31063,0
18944,0
25367,0
18780,0
25401,0
30300,0
26429,1
25191,0
15994,1
14031,0
7627,0
17357,0
29637,0
9195,0
10577,0
1773,0
17471,0
8794,0
30903,0
28550,1
5513,0
13676,0
24710,0
28552,0
12524,0
5458,1
23443,0
29819,0
20883,0
3956,0
8099,0
12759,0
27147,0
23526,0
28482,0
7422,0
28042,0
14563,0
27542,0
11341,0
24691,0
5053,1
15251,0
5630,0
32104,0
5568,1
7492,0
31809,1
21648,0
15416,0
12461,1
12439,1
25320,0
19916,0
728,0
24811,1
28385,0
2021,1
22116,0
2794,0
8979,0
23519,1
32244,0
29732,0
25873,0
8606,0
24006,0
17696,0
8697,0
20241,0
3510,0
16487,0
21201,0
31900,0
12556,1
26709,0
13542,0
13096,1
5296,0
24684,0
24606,0
15039,0
7922,0
22793,1
31838,0
15897,0
7123,0
19887,0
23348,0
26908,0
22315,1
9427,1
8852,0
31345,0
20121,0
12912,0
20617,0
8367,1
12076,0
22849,0
8341,0
23681,1
1661,1
20656,0
21199,1
29195,0
22154,0
8755,0
23349,0
18835,1
22954,0
29397,1
14506,0
2512,1
18300,1
19297,0
1869,1
2798,0
27949,0
16979,1
16185,0
12222,0
19547,0
11748,0
28868,1
2114,0
27838,1
11405,0
12980,0
13024,0
23779,0
14353,0
24888,0
21810,0
14491,0
5085,0
21190,0
21317,0
7498,0
32016,0
16155,0
20102,0
3858,0
20057,0
2554,0
14793,1
14805,0
18280,0
13169,0
3505,1
32087,0
25230,0
7878,1
16606,0
4845,0
19832,0
26457,1
18022,0
11798,1
12756,0
6405,0
13584,0
16469,0
30459,0
26267,0
14957,0
27443,0
16652,0
3899,0
8244,0
13998,1
31118,0
10027,0
23344,1
18876,0
9219,0
2437,0
11528,0
29804,0
7892,0
12750,0
18486,0
22149,0
5596,1
18766,0
29931,0
28708,0
11411,0
30026,0
3351,0
6174,0
24603,1
19650,0
5090,0
9907,0
30436,0
26640,0
23616,0
24017,0
2570,0
28400,0
11366,0
31376,0
25763,0
26466,1
548,0
13135,0
15180,0
18420,0
11533,0
16079,1
26746,0
24419,0
1882,1
238,1
12242,0
17033,1
1926,0
19976,0
5416,0
1386,0
31373,0
1480,0
5815,0
10311,0
32436,1
14545,0
22199,0
17120,0
2369,0
15777,1
23148,0
10069,0
27812,0
5873,0
16022,0
23734,0
26021,1
14011,0
1481,1
21098,0
15393,0
22037,0
15896,0
13801,1
32189,0
30030,0
2211,0
6443,0
31952,1
30430,1
12718,1
767,0
20944,0
10813,1
31686,0
4726,0
30280,0
23456,0
3081,0
16633,1
28997,1
5254,0
25731,0
4203,1
18615,0
20348,0
30827,0
3367,0
26299,0
920,0
6921,0
31497,0
30902,0
11619,1
8764,0
25117,0
771,0
8804,0
12098,0
17559,0
10044,0
13371,0
10655,0
21688,0
23055,1
15013,0
25884,0
29599,0
17255,0
32319,0
7126,0
12923,0
11499,0
12083,0
14656,1
8500,1
10615,0
25773,0
28344,0
9692,1
17607,0
24892,0
420,0
15500,0
1247,0
4461,0
24105,1
4035,0
15121,1
14556,0
24121,0
16357,0
15398,0
7387,0
17835,0
6332,1
28622,1
14746,0
13597,0
17359,0
31409,1
22266,1
22461,0
26510,0
21072,0
5520,0
11226,0
23000,0
20917,0
5111,0
21944,0
1853,0
9375,0
3118,0
23173,0
26874,0
24493,1
18504,0
19088,1
15661,0
18036,0
18183,1
9182,0
25898,0
34,0
18490,0
25181,0
22721,0
8513,0
13566,0
7616,0
13229,0
12100,1
22367,0
28108,0
10589,0
310,0
32278,0
11033,0
24222,0
13398,0
27064,0
5459,0
15887,1
8220,1
18013,1
4271,0
12893,0
6055,0
3811,0
29327,1
4141,0
25883,0
21358,0
14160,0
5752,0
24171,1
5163,0
14364,0
11538,1
3975,0
9624,0
9973,0
11403,0
30104,1
19044,0
30131,0
16003,0
28619,0
17955,1
1028,0
5124,0
20381,0
29292,1
30846,1
22755,0
5547,1
32066,0
26526,1
27412,0
11331,0
27585,1
4484,0
21987,0
22386,0
24513,0
19094,0
14328,0
12284,0
25650,0
30477,1
21510,1
10457,1
27118,1
22347,0
29147,0
1510,0
12361,0
10208,0
9763,0
4826,0
18118,1
1896,1
29001,0
12993,0
4501,0
14737,0
1809,0
25818,0
11878,0
5440,0
18019,0
25014,0
6454,0
23904,0
23864,0
22069,0
10229,0
811,0
8402,0
18704,0
20072,0
31645,1
23544,0
17366,0
8198,0
2465,1
30796,0
2532,0
32467,0
8138,0
15284,0
12424,0
21005,1
15281,0
18062,1
30620,0
22518,1
18759,0
23690,0
10030,0
21288,0
17661,0
13138,0
30118,1
1326,0
317,0
17772,0
29153,0
7955,0
14673,0
24812,0
3322,0
8753,0
2882,1
27704,0
11329,0
3701,0
6411,0
7405,0
8327,1
10503,0
21382,0
6000,0
25294,0
19054,0
17243,0
11704,0
16108,0
2820,1
17209,0
26113,1
18610,0
22775,0
7205,1
2901,1
3158,0
31045,0
8380,0
29422,0
16943,0
28682,0
2078,0
20769,0
14093,0
23396,0
31230,0
7524,0
6687,0
14428,0
18428,0
29085,0
28610,1
17407,0
25564,0
6004,1
17309,0
31751,0
24000,0
30982,0
19511,0
3464,1
9955,0
1385,0
5262,0
32485,0
24776,0
19880,0
6592,0
24456,0
23963,0
20081,0
9809,0
9984,0
15597,0
20636,0
30339,1
16520,1
7305,1
17354,0
18730,0
30711,0
8116,0
9067,0
30603,0
30671,0
23115,0
29940,0
18306,0
12303,0
27027,0
11441,0
8856,0
27088,0
6729,0
1818,0
8621,1
25043,0
358,0
28549,0
21185,0
12778,0
2525,0
28416,0
32306,0
7030,0
8378,0
28743,1
27462,0
5065,0
825,0
3746,0
5699,0
29894,0
15094,0
6484,1
911,0
28699,0
5368,1
26313,0
14095,0
4960,0
20976,0
16624,0
1959,0
22393,0
15028,0
15625,0
26226,0
4386,0
1945,1
16389,1
14086,0
9164,0
21948,0
9889,0
6639,1
22960,0
16836,0
9890,1
20681,0
28161,1
26171,0
17446,1
16563,0
7460,1
27557,0
20587,0
30961,1
4068,0
30998,1
22458,0
6954,1
19349,0
15006,1
28465,0
7815,0
5734,0
28173,1
5190,0
4713,0
5235,0
10546,0
7185,0
30801,0
5363,0
12364,0
3315,0
27046,0
20881,0
31690,1
22996,0
24247,1
15852,0
26463,0
4641,1
20648,0
11120,0
726,0
18840,1
17389,0
14411,0
17364,1
9210,1
10471,0
21151,0
17370,0
29476,0
30682,0
25288,1
14530,0
19397,0
29400,0
8091,1
4704,0
11526,0
26638,1
8333,1
10418,0
19667,0
30889,0
32283,0
27728,0
10595,0
18281,0
11004,0
30787,1
12013,0
17325,0
12028,0
14061,1
30333,0
6366,0
7137,0
17672,1
25563,0
3091,1
20265,0
5751,0
933,0
10620,0
25838,0
11973,0
26293,0
22819,0
14269,0
6670,0
16318,0
19483,1
685,0
28321,0
17763,0
11397,0
1401,0
31057,0
24052,0
27312,0
12777,0
6377,0
24260,1
10413,1
17821,1
24538,0
15971,0
9046,0
858,0
13612,0
3655,1
18415,0
11849,0
25645,0
221,0
15781,0
16481,0
27775,0
17018,1
17176,0
6830,1
20397,0
8962,1
1262,0
24858,1
2968,1
6141,0
19362,0
24595,0
16503,0
2060,0
29683,1
13973,0
13036,0
18756,0
19614,0
4348,0
16117,0
843,0
6554,0
8634,0
5135,0
647,0
3211,0
6538,0
12017,0
13895,1
29725,0
29122,0
11218,0
196,0
27905,0
17533,0
32184,0
3094,1
28146,0
6785,0
4707,0
24090,0
11864,0
12506,0
15380,0
19803,0
7115,0
11523,0
15020,0
18569,0
28757,0
25842,0
28992,0
1536,1
8266,1
3284,0
20446,0
29642,0
7508,0
12407,0
19700,0
15408,1
28053,0
6402,0
13251,0
11779,0
18801,0
322,0
17278,0
13210,0
29544,1
13455,1
19576,1
29664,1
8183,0
19157,0
31703,0
25423,1
9316,0
27781,1
14616,0
15371,0
22442,0
16886,0
3925,0
28342,1
6426,0
11206,0
13373,0
32430,0
6842,1
13606,0
26889,1
9528,0
6927,0
25405,0
29716,0
26554,0
4357,0
12797,1
23657,0
17964,0
2580,0
6047,0
8842,0
17107,0
623,0
13032,0
30067,1
25027,0
18838,0
32274,0
463,0
10825,0
9666,0
23257,0
30954,1
25527,0
19939,0
4031,1
29567,0
23737,0
16680,0
15982,0
7364,0
22046,1
3526,0
23191,0
22876,1
22050,1
21857,0
23463,0
18100,0
15801,0
9299,1
8448,1
17663,0
21782,0
26525,0
15272,0
26465,1
14257,0
29135,0
4658,0
5113,0
13099,0
31421,0
24828,0
30714,0
21851,0
20268,1
26467,1
627,0
275,0
9120,0
19372,0
32391,0
31907,1
4268,0
24653,0
2223,0
18498,0
5992,0
10996,1
4775,0
1027,1
13447,0
27730,0
27384,0
2483,0
30928,0
25296,0
6611,0
30479,0
20578,0
8296,0
19587,0
17732,0
2858,0
1501,0
25359,1
31841,0
29900,1
28709,0
28438,1
923,1
2420,1
7166,0
7535,0
6897,1
28567,0
2007,0
5697,0
20808,0
5601,1
1545,0
8646,0
15130,0
29777,0
12554,1
9386,0
14133,0
6722,0
3491,0
26987,1
14550,0
12391,0
16271,0
5029,0
27167,0
16049,0
5500,0
20874,0
20756,1
6587,0
10468,0
21673,0
27304,0
213,0
14424,0
2844,1
19876,0
31124,0
22459,0
5109,0
31278,0
13428,0
11703,1
11910,0
23680,0
11433,0
2674,0
29181,0
6882,0
29990,0
18153,1
15927,0
20902,0
23228,0
15154,0
15440,0
3337,1
25120,1
15993,0
11554,1
23995,0
12156,0
25315,0
18443,1
5218,0
25206,0
17749,0
23576,0
5041,0
5883,0
804,0
29773,1
23539,0
1797,0
5556,0
19405,0
2032,0
29075,0
21274,1
8413,0
21264,0
13780,0
12264,0
9667,0
11261,0
25885,0
2569,1
26037,0
21117,0
15031,0
13510,1
31360,0
18250,0
17072,0
283,0
10292,0
17992,0
8032,1
8420,0
11023,1
110,0
783,0
26017,1
26712,0
10307,0
10153,0
27507,0
11015,0
16138,0
23336,0
2675,0
29035,0
15904,1
21021,0
29332,0
24498,0
28139,0
6468,1
17790,1
26493,1
16613,0
27116,0
13791,0
2975,0
22797,0
21649,1
27113,0
4523,1
9862,0
23462,0
20536,0
14588,0
20039,1
19003,0
22250,0
11440,0
29494,0
26240,0
16545,0
6803,0
26938,1
766,0
28056,0
22963,0
14996,0
21661,0
3649,0
5931,0
20474,0
6394,0
6889,0
5472,0
28265,0
23614,0
18729,1
26782,0
18811,0
30688,0
22361,1
9289,0
1962,1
4891,0
29977,1
28113,0
3846,0
4409,0
29734,0
6876,1
24641,1
12825,0
1073,1
29529,0
1130,0
10043,0
19878,0
15214,0
6444,0
21631,0
22217,0
21105,0
3713,0
8157,1
30835,0
17292,0
28684,0
31832,0
17705,1
8212,0
12707,0
8385,0
11131,0
6482,1
27932,0
8300,0
28282,0
5690,0
6933,0
8143,0
20545,1
7121,0
28941,0
3679,0
12593,0
28772,0
15077,1
30626,1
10401,0
20354,0
16899,0
525,0
17080,0
4984,0
22453,0
24913,0
27806,0
9542,0
8190,0
3650,0
29660,0
3128,0
14069,0
14636,0
3832,0
28704,0
16300,0
9119,0
13774,0
11088,0
25718,0
11646,0
19448,0
12951,0
30267,0
2442,0
3008,0
23697,0
20193,1
21322,0
2681,1
10274,0
14042,1
6289,1
8322,0
28302,0
21629,0
24214,0
10222,0
21304,0
21772,1
14882,0
25461,1
28088,1
21740,0
16269,1
5998,0
21887,0
13208,1
372,0
1703,0
4792,0
23807,0
28319,0
14293,0
1613,0
19053,0
21169,0
21477,0
27193,0
13420,0
8391,0
29879,0
3860,1
20853,1
15624,0
28975,0
24870,0
31022,0
15149,0
31626,0
3873,0
18112,1
9887,0
9583,0
12132,0
5693,0
26163,0
13946,0
970,0
25625,0
2575,0
14693,0
15649,0
26344,0
11664,0
14149,0
30539,1
17694,1
29681,1
11647,0
26108,0
6189,0
11938,0
1659,0
2314,1
21994,0
227,0
16243,1
14633,0
12830,0
2752,0
28914,0
23538,0
4496,0
26948,0
28649,0
32519,1
5766,0
25440,0
10728,0
8917,1
19942,0
29485,0
30110,1
20088,0
8748,0
14799,0
12314,1
9252,0
15226,0
11584,1
12573,1
15069,0
29563,0
11124,1
25872,0
28832,1
31750,1
12819,0
24332,0
16126,0
27210,0
21133,1
16074,0
2278,0
26880,1
17577,1
23320,0
870,1
11945,0
5616,0
17632,0
11437,0
1470,0
32506,0
13146,0
12389,0
16804,0
17589,0
29502,0
6821,0
29621,0
13443,1
8553,0
23869,0
3456,0
17028,1
30576,0
19962,1
8981,1
9970,0
23615,0
16166,0
1414,0
3660,0
10421,1
6002,1
23460,1
18715,0
7836,0
1852,0
4316,0
13306,0
23092,0
2976,0
12493,1
11707,0
16075,0
4274,0
31749,0
22894,0
13935,0
31034,0
31799,1
30917,0
18021,1
28362,1
1796,0
20489,0
6923,0
26082,0
10988,0
27480,0
29656,0
3372,0
26752,1
27680,1
27263,0
22802,0
5221,0
26269,0
713,0
11645,0
27908,1
32211,0
16113,1
29856,0
16611,0
25056,0
26358,0
9463,0
19258,0
19137,0
10332,0
17460,0
6013,0
22093,0
7770,0
17089,0
6351,0
22045,0
9404,0
10662,0
17469,0
5443,0
15693,0
24,0
14154,0
32029,1
6668,0
18142,1
5754,1
28999,0
1105,0
22732,0
11793,0
7870,1
16483,0
18669,1
2257,0
15590,1
11802,1
19912,0
6132,0
7275,0
21777,0
808,1
11594,0
19757,0
1912,1
6098,0
31246,0
14250,1
26821,0
8285,0
10664,0
20932,0
19114,0
19715,0
21221,0
7893,0
5795,0
24920,0
20007,0
5375,0
11544,0
26826,1
6746,0
4939,0
16761,1
1435,0
27012,0
2248,0
2663,0
18405,0
25893,0
13873,1
17950,1
28043,0
12403,0
30475,0
15824,0
31285,0
18822,0
4066,0
18433,0
9012,0
26423,0
23911,0
29451,0
31518,0
2529,1
13481,0
12651,0
3162,0
7342,0
25127,0
11069,1
32338,0
10590,0
28188,0
12423,0
19018,0
6261,0
17641,0
4344,1
18012,1
1723,1
17618,0
22261,0
24349,0
19109,0
8994,0
1094,0
17147,1
30008,0
31722,0
13224,0
20063,0
16203,1
13421,0
31164,1
27039,0
8426,0
14419,0
28409,0
9765,0
31556,0
16778,1
30925,0
7209,0
18210,0
22716,1
22041,1
31471,0
28211,0
1822,0
10815,1
25370,0
18693,0
4558,0
6800,0
32403,0
6143,1
1227,0
6672,0
27401,0
27162,0
32146,0
16604,1
8845,0
17065,0
4722,0
28163,0
13496,0
32204,0
27667,0
14989,0
7243,0
13018,0
12682,0
6806,0
1005,1
18351,0
23905,0
2192,0
6625,0
10215,0
6536,0
28745,1
10718,0
3571,0
8790,1
13692,1
21590,1
12512,0
29909,1
31357,1
19862,0
11866,0
11999,1
9882,0
12062,1
20577,1
21870,0
13261,0
26692,0
18650,0
12700,0
22614,1
15984,0
8738,0
31053,0
7170,0
18787,0
24012,0
14663,0
6070,0
19437,1
29542,0
30601,0
1358,0
15691,1
29787,1
23301,0
4771,0
22964,0
9186,0
6412,0
12069,0
24593,0
28439,0
19609,0
24287,0
484,0
20318,0
5834,0
18220,0
17765,0
17086,0
12765,0
13498,0
23335,0
23663,1
23391,1
15189,0
24484,0
7863,0
15753,1
30068,0
11459,0
27437,0
4276,0
25129,0
15883,0
17039,1
32040,1
12711,1
26717,0
9950,0
21492,0
17050,0
25540,1
24246,0
27119,0
2536,0
30759,0
1939,0
11344,0
18754,0
21702,0
20665,0
2642,0
19249,0
26403,0
23566,0
30967,0
27445,1
31921,0
8896,0
31610,0
22565,0
10163,0
20028,1
17983,0
29613,0
25978,0
9526,0
21149,0
3291,0
20150,1
18557,1
23478,0
12029,0
28231,1
10573,0
12836,0
21599,1
20164,0
30365,0
19998,1
12099,0
5973,0
12997,0
21434,0
21415,0
12431,0
2029,1
3119,0
25046,0
15276,0
26478,0
6291,1
26677,0
300,1
17797,0
4365,1
4970,0
3364,0
3439,0
3917,0
24607,0
17922,0
18977,0
20758,0
2915,1
4820,0
25396,0
9047,0
10240,0
23272,0
19011,0
22269,1
14762,0
24935,0
962,0
18185,0
28652,1
22100,0
29012,0
16616,0
16337,1
16957,0
10278,0
19677,0
7719,0
11191,1
22066,0
30412,0
18533,0
10329,0
20300,0
16768,0
3666,1
29357,1
15135,0
32516,0
26866,0
22613,0
10642,0
26814,0
28917,0
28331,0
19885,0
541,0
22980,0
23455,0
734,0
27999,0
19755,0
30706,0
6154,0
21385,1
1644,1
9048,0
22539,0
11302,0
11,0
16666,0
11394,1
22800,0
11290,0
30622,0
23827,0
20899,0
16864,1
19209,0
21245,1
24923,0
18969,0
13778,0
11691,0
28004,0
14430,0
13063,0
11223,1
9632,1
28850,1
23162,0
22598,1
21075,0
12719,0
7565,0
31593,0
8534,0
22099,0
25268,0
17293,0
19696,0
8625,0
14279,0
10713,0
2756,1
18800,0
5670,0
7324,0
8544,0
21901,0
19283,0
21568,0
30732,0
30563,0
3750,0
5152,0
2050,0
3182,0
18958,0
23202,0
9376,0
25546,0
9871,0
17403,0
25466,0
24945,0
6618,0
21540,1
10365,0
16526,0
24501,0
12898,0
26051,0
10366,1
9176,0
16436,0
24371,0
2425,0
22397,0
2713,1
18276,0
31754,0
4122,0
5336,0
25365,0
7361,0
14647,0
28266,1
25621,0
16116,0
2484,1
28195,0
2871,1
15302,0
20762,0
20895,0
26549,0
17569,1
25505,1
29849,0
22949,0
19010,0
9111,0
31630,0
32,0
9440,1
30808,0
10960,1
26326,0
309,0
10528,1
28340,0
20419,0
107,0
4776,0
12043,0
27355,0
24589,0
2526,0
29371,0
10776,0
19575,0
476,0
8467,1
17637,0
5721,0
16698,0
28156,0
5283,0
3796,0
31194,0
17399,0
5103,0
29092,0
31470,0
2966,0
8935,0
15169,0
22366,1
31299,0
19456,0
11387,1
30971,1
18017,0
5943,1
10743,0
11081,0
9202,0
881,0
15291,0
30816,0
20501,0
28349,1
23752,1
10731,0
31603,0
15560,0
19713,0
25256,0
15610,0
4140,0
9830,0
21331,0
21883,0
26517,0
28717,0
7675,0
20089,1
7124,0
11498,0
23165,0
7193,0
13292,1
7119,0
18896,0
12329,0
13116,1
13744,0
15567,0
1339,0
6837,0
17899,0
10811,1
8264,0
32427,0
554,0
15425,1
32487,1
18188,1
24756,1
9379,0
20655,0
25297,0
28021,0
3672,1
19074,0
16452,0
1146,0
31715,0
2797,0
23755,0
30559,1
26529,0
30598,0
3561,1
29623,0
23329,0
12067,0
21248,0
25007,0
17949,0
19977,0
26116,0
24313,1
14126,0
10600,1
19830,0
19982,0
23792,1
22405,0
725,0
989,0
10234,0
19334,1
29242,1
10424,0
27054,0
9724,0
26598,0
13170,0
24664,0
4317,0
7777,1
29278,0
2275,0
5252,0
15938,0
15396,0
14953,0
23951,0
45,1
32535,0
7177,0
22511,0
29805,1
3016,1
9918,0
3373,0
7434,1
2660,1
24516,0
8942,0
397,0
20172,0
17574,0
8241,0
1930,0
11092,1
28384,0
24650,0
2188,0
13887,0
29177,0
2897,0
15091,0
25426,0
10913,0
6767,0
941,0
30571,1
19358,0
21600,0
24462,0
12185,0
3264,0
18194,0
1900,0
29133,0
14358,0
8405,0
25654,0
2739,0
632,1
4779,0
23238,0
22051,0
199,0
5004,0
2332,1
1883,0
7853,0
14196,0
4281,0
7659,0
32200,0
13953,0
24857,0
1623,1
5590,0
3190,0
9604,0
14497,0
14983,0
19570,0
5889,1
25723,0
29514,0
1600,0
639,1
